{"cameraMode":{"drawMode":0,"name":"Shaded","section":"Shading Mode"},"sceneLighting":true,"audioPlay":false,"sceneViewState":{"m_AlwaysRefresh":false,"showFog":true,"showSkybox":true,"showFlares":true,"showImageEffects":true,"showParticleSystems":true,"showVisualEffectGraphs":true,"m_FxEnabled":true},"in2DMode":false,"pivot":{"x":137.53184509277345,"y":65.13946533203125,"z":123.27094268798828},"rotation":{"x":-0.09247901290655136,"y":0.5303672552108765,"z":-0.058207593858242038,"w":-0.8406311273574829},"size":3.6166977882385256,"orthographic":false}